{
  "NN": {
    "loss_train": [
      1.17061448097229,
      0.9820314645767212
    ],
    "loss_val": [
      1.1752873659133911,
      0.997010350227356
    ],
    "acc_train": [
      0.7804761904761904,
      0.7447142857142857
    ],
    "acc_val": [
      0.772,
      0.7424285714285714
    ]
  },
  "GCN": {
    "loss_train": [
      1.2453402280807495,
      1.236348032951355
    ],
    "loss_val": [
      1.2456470727920532,
      1.2379066944122314
    ],
    "acc_train": [
      0.7791904761904762,
      0.9027142857142857
    ],
    "acc_val": [
      0.7791428571428571,
      0.9027142857142857
    ]
  },
  "GCN-EW": {
    "loss_train": [
      1.2451472282409668,
      1.228145718574524
    ],
    "loss_val": [
      1.2455263137817383,
      1.2306818962097168
    ],
    "acc_train": [
      0.7820476190476191,
      0.8911428571428571
    ],
    "acc_val": [
      0.7812857142857143,
      0.891
    ]
  },
  "GAT": {
    "loss_train": [
      1.0641878843307495,
      0.7821690440177917
    ],
    "loss_val": [
      1.0801275968551636,
      0.7977920174598694
    ],
    "acc_train": [
      0.658047619047619,
      0.7127619047619047
    ],
    "acc_val": [
      0.6507142857142857,
      0.7138571428571429
    ]
  },
  "Ensemble": {
    "model": "Ensemble (GCN+GAT)",
    "TN": 4699.0,
    "FP": 1601.0,
    "FN": 127.0,
    "TP": 573.0,
    "precision": 0.6186,
    "recall": 0.7822,
    "f1": 0.6217,
    "auc": 0.871,
    "fpr": 0.2541,
    "fnr": 0.1814,
    "accuracy": 0.7531,
    "alpha": 0.6,
    "gcn_weight": 0.6,
    "gat_weight": 0.4
  }
}